{
  "voltage": {
    "mean": [
      3.9079787435375177
    ],
    "scale": [
      1.57699373576155
    ]
  },
  "energy": {
    "mean": [
      -1.8777965776945011
    ],
    "scale": [
      0.9988506608871668
    ]
  },
  "density": {
    "mean": [
      4.264065165555358
    ],
    "scale": [
      2.170876426982161
    ]
  },
  "hull": {
    "mean": [
      0.06085068628616519
    ],
    "scale": [
      0.05978750669912059
    ]
  }
}